Time,Huaxian,Xianyang,Zhangjiashan
1953/01,2.571264,1.761696,0.4601664
1953/02,2.370816,1.774656,0.7859808
1953/03,2.919456,1.910304,0.7219584
1953/04,2.48832,2.111616,0.479088
1953/05,3.508704,2.402784,0.7571232
1953/06,5.0544,2.99808,1.0037952
1953/07,15.13296,8.399808,3.4044192
1953/08,7.954848,3.053376,1.56151584
1953/09,3.70656,2.867616,0.42256512
1953/10,3.88368,2.914272,0.61280928
1953/11,4.82112,3.502656,0.809568
1953/12,2.785536,1.876608,0.42588288
1954/01,1.995408,1.3981248,0.21914496
1954/02,2.636928,1.3571712,0.7083936
1954/03,4.258656,2.6462592,0.83376
1954/04,5.39136,4.2768,0.45182016
1954/05,6.454944,4.205088,1.118448
1954/06,5.67648,4.48416,0.91524384
1954/07,10.097568,6.401376,1.6557264
1954/08,25.203744,13.365216,4.91593536
1954/09,20.9952,14.07456,5.1331968
1954/10,12.829536,9.749376,1.376784
1954/11,5.62464,4.06944,1.097712
1954/12,4.392576,2.6034048,0.4954176
1955/01,2.839104,2.0864736,0.4273344
1955/02,3.604608,2.2111488,0.9949824
1955/03,4.499712,2.6489376000000004,0.8844336
1955/04,3.1104,2.428704,0.16931808
1955/05,2.1453983999999995,1.727568,0.09593856
1955/06,2.089152,1.5552,0.2820528
1955/07,10.231488,6.374592,1.99962432
1955/08,9.454752,5.410368,2.89558368
1955/09,27.4752,19.0512,2.97845856
1955/10,17.195328,10.740384,2.178144
1955/11,5.00256,3.1104,0.9589536
1955/12,2.705184,2.0436192,0.2214864
1956/01,2.236464,1.8252,0.40438656
1956/02,2.655936,1.521072,0.7235136
1956/03,2.1775392,1.477872,0.3234816
1956/04,4.48416,2.901312,0.68864256
1956/05,3.160512,2.118096,0.51843456
1956/06,25.7904,18.6108192,3.9501216
1956/07,20.570112,11.974608,5.7226176
1956/08,19.980864,13.3399872,5.17542912
1956/09,11.09376,5.951232,1.2914208
1956/10,6.240672,3.712176,0.883872
1956/11,3.16224,2.144448,0.48383136
1956/12,1.8293472,1.6917984,0.09612
1957/01,2.2418208,1.728432,0.32978016
1957/02,2.134944,1.5273792,0.5354208
1957/03,2.758752,1.8042912,0.35132832
1957/04,3.47328,2.4821856,0.27006048
1957/05,10.901088,7.8597216,1.7496
1957/06,7.59456,5.3391744,0.77605344
1957/07,31.60512,17.424288,3.93987456
1957/08,3.589056,1.8226944,0.37044
1957/09,2.506464,1.7930592,0.17853696
1957/10,1.5856128,1.0963296,0.1496448
1957/11,2.9808,1.675296,0.41071104
1957/12,1.8293472,1.0502784,0.05425056
1958/01,1.3606272,0.9980928,0.11844576
1958/02,1.64433024,0.9912672,0.13053312
1958/03,1.3713408,0.7156512,0.20183904
1958/04,3.78432,1.6876512,0.80292384
1958/05,4.41936,2.5589952,0.5530032
1958/06,3.08448,2.1750336,0.54776736
1958/07,19.793376,10.2689856,6.6680064
1958/08,40.176,24.394176,7.6933152
1958/09,11.50848,6.702048,1.8763488
1958/10,13.284864,9.052128,1.7783712
1958/11,10.57536,5.946048,1.3235616
1958/12,4.0176,2.6555904,0.2532816
1959/01,2.3141376,1.7132256,0.0415152
1959/02,3.24680832,2.0513952,0.74720448
1959/03,4.0176,2.6117856,0.5704992
1959/04,4.43232,2.5044768,0.21896352
1959/05,6.749568,4.6761408,0.58195584
1959/06,3.65472,1.9466784,0.35900928
1959/07,6.481728,5.4212544,0.84423168
1959/08,14.0616,8.5996512,5.96268
1959/09,7.28352,4.9218624,1.06255584
1959/10,4.0176,3.2272992,0.43872192
1959/11,4.19904,3.096144,0.35747136
1959/12,1.3579488,1.1397024,0.0455328
1960/01,1.1865312,0.8856864,0.04580064
1960/02,0.7246368,0.5299776,0.04284576
1960/03,1.0818144,1.014768,0.05130432
1960/04,2.7730944,1.7200512,0.17103744
1960/05,2.7594432,1.6907616,0.3582144
1960/06,0.4806432,0.35370432,0.0443232
1960/07,4.424976,2.07915552,1.50061248
1960/08,13.942368,9.17136,2.99347488
1960/09,9.440496,5.2109568,0.883872
1960/10,9.541152,5.976288,0.8191584
1960/11,4.784832,2.8747872,0.60148224
1960/12,1.7443296,1.139616,0.0461808
1961/01,1.3675392,1.2171168,0.04580064
1961/02,0.9321696,0.5966784,0.04443552
1961/03,2.3661504,2.5026624,0.34454592
1961/04,5.8860864,4.450896,0.41904
1961/05,6.016032,5.65704,0.43067808
1961/06,7.4421504,5.440176,0.74290176
1961/07,16.833312,10.744704,2.99340576
1961/08,7.8955776,5.3145504,1.99841472
1961/09,6.794496,4.787424,1.6149024
1961/10,29.235168,17.31456,4.8165408
1961/11,12.907296,7.9488,2.3216544
1961/12,6.270048,3.904848,0.99997632
1962/01,2.869776,2.2151232,0.0759456
1962/02,3.113424,2.0123424,0.5215968
1962/03,3.1617216,1.9955808,0.37642752
1962/04,1.4599008,1.0394784,0.10736064
1962/05,2.665008,1.6798752,0.38375424
1962/06,0.9947232,0.6967296,0.05592672
1962/07,12.2673312,10.334304,2.78650368
1962/08,11.403072,5.978448,1.3812768
1962/09,9.04176,6.4647072,1.30427712
1962/10,18.357408,11.866176,2.5472448
1962/11,9.777024,6.29856,1.8542304
1962/12,6.292512,3.936384,1.1442384
1963/01,2.7931392,2.2832064,0.05397408
1963/02,2.0946816,1.6730496,0.13959648
1963/03,3.6341568,2.3588064,0.6023808
1963/04,6.612192,3.4405344,0.64183968
1963/05,22.408704,13.273632,2.7805248
1963/06,7.567776,5.3103168,0.71282592
1963/07,5.9692032,4.574016,0.91610784
1963/08,3.3840288,2.6372736,1.00890144
1963/09,21.736512,15.727392,3.3731424
1963/10,7.826112,5.589216,1.0656576
1963/11,7.012224,4.762368,1.1924064
1963/12,3.901824,2.8419552,0.33073056
1964/01,2.342304,1.982016,0.06215616
1964/02,2.4571296,2.007504,0.26452224
1964/03,6.024672,4.0561344,1.5558048
1964/04,13.156992,11.350368,1.4154048
1964/05,21.994848,15.362784,3.1248288
1964/06,10.9512,6.422112,2.125872
1964/07,18.41616,9.382176,5.5207008
1964/08,14.33376,4.6534176,7.7281344
1964/09,43.790112,24.618816,7.072272
1964/10,34.375968,19.808064,5.999616
1964/11,13.276224,7.788096,2.800224
1964/12,6.486048,4.228416,1.147392
1965/01,3.655584,2.4770016,0.34481376
1965/02,3.911328,2.649024,0.61998048
1965/03,5.049216,3.126816,1.302912
1965/04,10.67904,7.628256,1.7889984
1965/05,12.112416,8.29008,1.25818272
1965/06,5.127408,3.6289728,0.56096928
1965/07,17.0826624,9.9038592,2.20248288
1965/08,3.1313952,1.6825536,0.3290112
1965/09,4.2997824,2.7608256,0.43055712
1965/10,6.468768,4.252608,0.97161984
1965/11,4.54896,3.0059424,0.83745792
1965/12,2.0912256,1.598832,0.04486752
1966/01,1.4497056,1.1379744,0.04124736
1966/02,1.43208,1.04328,0.11090304
1966/03,3.46248,1.544832,0.37107936
1966/04,3.19464,1.7289504,0.25242624
1966/05,2.6331264,1.2865824,0.3300048
1966/06,1.80965664,0.92310624,1.23968448
1966/07,17.725392,8.725536,8.07325056
1966/08,7.9521696,3.9207456,4.4203968
1966/09,28.919808,19.3262112,8.814528
1966/10,10.37232,6.200064,2.6212032
1966/11,5.729184,3.621888,1.3415328
1966/12,2.0270304,1.4063328,0.42080256
1967/01,2.0180448,1.4818464,0.22928832
1967/02,2.13624,1.384992,0.5055264
1967/03,4.834944,2.7953856,1.557792
1967/04,11.042784,6.472224,1.93968
1967/05,14.592096,10.425024,3.0225312
1967/06,5.6631744,4.9828608,0.84328128
1967/07,15.876864,11.24064,1.53007488
1967/08,4.7021472,3.7319616,1.97938944
1967/09,16.23888,13.064976,2.791152
1967/10,14.784768,10.257408,2.1084192
1967/11,8.071488,5.358528,1.4058144
1967/12,4.3642368,2.9649024,0.24376896
1968/01,2.77344,2.2690368,0.11716704
1968/02,2.814048,2.062368,0.18245952
1968/03,4.904928,3.4763904,1.035936
1968/04,9.138528,5.880384,0.9896256
1968/05,11.035008,5.839344,1.11828384
1968/06,1.4349312,0.9557568,0.30938976
1968/07,4.9176288,3.1313088,1.96915104
1968/08,9.8769024,6.1877952,4.8289824
1968/09,34.79328,25.251264,5.0880096
1968/10,22.085568,12.324096,3.8458368
1968/11,9.647424,5.843232,2.0755008
1968/12,5.350752,4.00032,0.64020672
1969/01,3.519936,2.700864,0.20942496
1969/02,3.96576,2.744496,0.8833536
1969/03,4.593024,3.393792,0.7967808
1969/04,10.054368,6.116256,0.9588672
1969/05,6.1442496,3.59424,1.4967936
1969/06,0.46300896,0.3774816,0.0700704
1969/07,3.75709536,1.88532576,2.51284896
1969/08,2.7420768,1.5983136,1.27143648
1969/09,5.187024,4.2760224,1.49757984
1969/10,7.330176,4.965408,1.4421024
1969/11,3.633984,2.4830496,0.80915328
1969/12,1.5822432,1.460592,0.04590432
1970/01,1.3116384,1.146528,0.04122144
1970/02,1.3533696,1.2567744,0.1027728
1970/03,2.4817536,1.9579968,0.37072512
1970/04,5.057856,3.988224,0.41267232
1970/05,8.859456,6.310224,1.03518432
1970/06,7.090416,4.6149696,0.7306848
1970/07,5.59882368,4.1478048,1.1969424
1970/08,15.8523264,9.542448,8.03192544
1970/09,23.935392,14.328576,4.2511392
1970/10,13.112928,7.46064,2.080512
1970/11,5.507136,3.1910976,1.19232
1970/12,2.2660128,1.9237824,0.17505504
1971/01,1.4779584,1.3483584,0.0465264
1971/02,1.7967744,1.4377824,0.14144544
1971/03,2.792448,1.8121536,0.56455488
1971/04,4.848336,3.0849984,0.6630768
1971/05,7.401888,4.307472,0.9062928
1971/06,3.623616,2.7258336,0.52843968
1971/07,5.38056,4.2296256,0.5260032
1971/08,2.541456,0.5262624,2.2158576
1971/09,2.3937984,1.2887424,0.71711136
1971/10,4.968,3.1638816,0.36112608
1971/11,4.669056,2.5485408,0.7579872
1971/12,1.6654464,1.3427424,0.0597456
1972/01,0.7170336,0.8344512,0.047304
1972/02,1.7214336,1.1235456,0.0938736
1972/03,3.4380288,1.7052768,0.37930464
1972/04,3.4807104,2.2462272,0.18118944
1972/05,2.448144,1.8144864,0.26970624
1972/06,2.8792368,1.8454176,0.19386432
1972/07,4.9073472,3.7442304,0.61436448
1972/08,0.4777488,0.820368,0.3692736
1972/09,6.018624,3.7474272,0.67289184
1972/10,1.9122912,1.1280384,0.04681152
1972/11,2.3497344,1.1202624,0.3058992
1972/12,0.6346944,0.5870016,0.04392576
1973/01,0.4962816,0.552528,0.0450576
1973/02,0.5723136,0.3812832,0.0419904
1973/03,0.1308096,0.16810848,0.0543456
1973/04,2.36262528,1.51308,0.17276544
1973/05,7.071408,4.524768,0.6706368
1973/06,1.29848832,1.19390976,0.20863872
1973/07,3.57788448,1.2617856,1.99399104
1973/08,12.22138368,7.01843616,7.86359232
1973/09,14.474592,6.295104,2.6005536
1973/10,15.702336,9.38304,2.4889248
1973/11,4.0381632,2.4426144,0.5647968
1973/12,0.376704,0.6334848,0.04770144
1974/01,0.6522336,0.5075136,0.0403488
1974/02,1.1048832,0.5966784,0.05717952
1974/03,1.50984,0.815616,0.18121536
1974/04,1.9437408,1.035072,0.13203648
1974/05,6.4101024,3.8850624,0.85387392
1974/06,1.2365568,0.7954848,0.05092416
1974/07,1.91608416,0.50494752,1.54721664
1974/08,2.9170368,0.26637984,1.45342944
1974/09,10.8826848,5.52459744,1.30974624
1974/10,12.369024,6.52752,1.586304
1974/11,5.609088,2.59416,1.02165408
1974/12,2.4938496,1.097712,0.126792
1975/01,1.2237696,0.6364224,0.04392576
1975/02,0.9584352,0.5616,0.0447552
1975/03,0.5276016,0.520128,0.05990976
1975/04,2.0288016,0.963792,0.29647296
1975/05,6.656256,3.7301472,0.9803808
1975/06,1.28101824,1.0150272,0.05789664
1975/07,9.972288,5.8746816,3.23954208
1975/08,4.899312,2.8458432,1.19632896
1975/09,24.7567104,16.0343712,5.57082144
1975/10,38.571552,24.985152,5.66784
1975/11,12.642048,9.059904,2.8739232
1975/12,6.1128,4.214592,0.83961792
1976/01,2.9463264,2.3581152,0.08832672
1976/02,3.463344,1.9506528,0.88372512
1976/03,4.359744,2.5231392,0.6943968
1976/04,5.5078272,3.4617888,0.48797856
1976/05,5.552928,3.0070656,0.8293536
1976/06,2.3880096,1.7784576,0.3468096
1976/07,1.1846304,0.77307264,0.46679328
1976/08,22.95126144,15.73221312,5.67344736
1976/09,20.810304,13.596768,5.1839136
1976/10,8.392032,5.224608,1.6082496
1976/11,3.84912,2.0638368,0.7099056
1976/12,1.1860992,0.9040896,0.12435552
1977/01,2.0304864,1.3082688,0.29496096
1977/02,2.016144,1.246752,0.33365088
1977/03,1.0361088,0.6382368,0.20763648
1977/04,2.5758864,1.2984192,0.33498144
1977/05,5.193504,3.2871744,0.6242832
1977/06,1.24187904,0.7289568,0.45099936
1977/07,11.75796,7.0141248,5.48584704
1977/08,3.9159072,1.1208672,2.3365584
1977/09,2.7541728,1.1428128,1.40461344
1977/10,0.7699968,0.5636304,0.19764
1977/11,3.1184352,1.4970528,0.849744
1977/12,0.7959168,0.6365088,0.08090496
1978/01,0.448416,0.4370976,0.05731776
1978/02,0.41573952,0.3134592,0.08954496
1978/03,0.34651584,0.2934144,0.08354016
1978/04,0.24784704,0.2080512,0.05422464
1978/05,0.90072,0.997272,0.314928
1978/06,2.460672,1.3585536,0.70422048
1978/07,20.067264,11.4668352,5.477328
1978/08,3.728592,2.0087136,1.30015584
1978/09,12.6974304,9.058176,2.0219328
1978/10,6.548256,4.625856,0.9754128
1978/11,4.269888,2.5683264,0.79145856
1978/12,0.648,0.6498144,0.07636896
1979/01,0.7787232,0.4675104,0.0691632
1979/02,0.5454864,0.4066848,0.09527328
1979/03,1.1517984,0.6051456,0.14321664
1979/04,3.707424,1.4332896,0.17311104
1979/05,2.1292416,0.780624,0.24428736
1979/06,0.27994464,0.3292272,0.06646752
1979/07,7.75389024,4.6342368,3.0649104
1979/08,4.2167088,2.8480032,1.4388192
1979/09,7.85808,4.6796832,1.2002688
1979/10,4.204656,3.084912,0.370008
1979/11,0.8401968,0.6986304,0.057024
1979/12,0.09333792,0.2858112,0.0589248
1980/01,0.29465856,0.23131008,0.05580576
1980/02,0.4732128,0.27124416,0.0931824
1980/03,0.10329984,0.19289664,0.086184
1980/04,0.77891328,0.463104,0.04823712
1980/05,2.46730752,1.34925696,0.47130336
1980/06,4.6324224,2.9300832,0.6242832
1980/07,15.2944416,9.7760736,3.00567456
1980/08,9.2289888,5.7172608,2.52066816
1980/09,11.566368,7.3465056,1.1221632
1980/10,4.99824,3.539808,0.51596352
1980/11,3.5034336,2.1162816,0.60626016
1980/12,1.039824,0.8464608,0.04777056
1981/01,0.8898336,0.5476032,0.05239296
1981/02,1.2373344,0.5475168,0.20750688
1981/03,0.74146752,0.40926816,0.104112
1981/04,2.9953152,1.3821408,0.3583008
1981/05,0.78728544,0.58174848,0.2886624
1981/06,0.766928736,0.48112704,0.66019104
1981/07,10.79936064,7.0146432,1.73791872
1981/08,26.18276832,18.1363536,5.35781952
1981/09,36.75888,22.34736,6.534432
1981/10,8.711712,5.424192,0.91911456
1981/11,5.085504,3.0436992,1.1362032
1981/12,1.5688512,0.970704,0.06767712
1982/01,1.415232,0.8179488,0.22279968
1982/02,1.7883072,1.0844928,0.24996384
1982/03,2.5962336,1.5216768,0.48398688
1982/04,4.4093376,3.0415392,0.34103808
1982/05,4.8580992,3.4507296,0.84592512
1982/06,1.6308,1.1967264,0.15740352
1982/07,1.52757792,0.6114528,0.71198784
1982/08,10.266912,3.4193664,2.662848
1982/09,14.297472,8.0803008,1.9584288
1982/10,6.551712,3.426624,0.58631904
1982/11,3.924288,2.2234176,0.8375616
1982/12,1.3368672,0.9932544,0.14253408
1983/01,0.8874144,0.6213888,0.0577152
1983/02,1.1124864,0.6057504,0.18803232
1983/03,1.1163744,0.4917024,0.4092768
1983/04,5.2938144,3.1536864,1.00477152
1983/05,9.8100288,5.4297216,2.19437856
1983/06,10.576224,5.5937088,2.0572704
1983/07,10.932192,7.2820512,0.89275392
1983/08,17.875296,9.11088,2.22122304
1983/09,21.758976,12.43728,3.790368
1983/10,36.628416,18.997632,4.4372448
1983/11,10.935648,6.172416,1.9544544
1983/12,4.5655488,2.1374496,0.59845824
1984/01,2.1175776,1.3725504,0.21391776
1984/02,2.2946112,1.2489984,0.4576608
1984/03,1.9402848,1.3203648,0.39144384
1984/04,3.0588192,1.4352768,0.62679744
1984/05,6.253632,2.928096,1.7469216
1984/06,12.521088,8.2137888,1.2979008
1984/07,27.7344,16.382304,2.8725408
1984/08,14.427936,9.019296,4.30556256
1984/09,29.080512,15.151104,3.3984576
1984/10,16.231968,8.863776,2.1255264
1984/11,7.606656,4.072896,1.395792
1984/12,5.259168,2.77344,0.65630304
1985/01,4.188672,2.7244512,0.22301568
1985/02,2.9865888,2.031264,0.3999456
1985/03,3.0037824,1.4734656,0.650592
1985/04,3.27888,1.8188064,0.37349856
1985/05,10.234944,5.6377728,1.8085248
1985/06,6.253632,3.7183104,0.77074848
1985/07,4.7542464,2.8473984,0.90388224
1985/08,6.2878464,3.1110912,2.49113664
1985/09,19.044288,12.572928,3.3969024
1985/10,13.027392,7.019136,2.1009888
1985/11,6.530976,3.2321376,1.2140928
1985/12,1.5971904,1.0301472,0.13338432
1986/01,1.964304,1.0525248,0.341064
1986/02,2.273616,1.2183264,0.3837456
1986/03,1.6095456,0.6970752,0.48341664
1986/04,1.7493408,1.091232,0.33150816
1986/05,3.6346752,2.2788864,0.51981696
1986/06,5.5462752,3.3535296,1.538136
1986/07,12.7291392,8.8312896,1.68997536
1986/08,1.6861824,0.7256736,0.45911232
1986/09,3.8232,1.9717344,0.5986656
1986/10,2.2097664,1.191888,0.3925584
1986/11,1.988928,1.070928,0.40611456
1986/12,0.5008176,0.6117984,0.05837184
1987/01,0.9278496,0.6692544,0.12202272
1987/02,0.68054688,0.57672,0.140184
1987/03,1.381752,0.7626528,0.41821056
1987/04,3.0345408,1.8077472,0.24516864
1987/05,6.536592,3.7882944,0.53271648
1987/06,13.697856,8.210592,0.9476352
1987/07,7.8655968,5.161536,1.33154496
1987/08,9.4325472,4.4054496,0.88435584
1987/09,2.8721088,1.5231456,0.50236416
1987/10,1.934712,0.810864,0.32934816
1987/11,3.1021056,1.088208,0.46977408
1987/12,1.0464336,0.6235488,0.0533088
1988/01,0.64649664,0.530496,0.07922016
1988/02,1.0621152,0.6129216,0.19287936
1988/03,2.8956096,1.5300576,0.61829568
1988/04,4.8359808,2.6123904,0.70384032
1988/05,6.1275744,3.675888,0.9908784
1988/06,2.69148096,1.88068608,0.615816
1988/07,15.6741696,8.4184704,3.8094624
1988/08,25.472448,11.02896,8.0856576
1988/09,9.647424,5.2662528,1.8225216
1988/10,11.204352,5.406048,1.3608
1988/11,5.0956128,2.6350272,0.59701536
1988/12,0.8938944,0.80136,0.07699104
1989/01,1.8618336,1.1407392,0.24228288
1989/02,2.1190464,1.126224,0.4183488
1989/03,5.056992,2.8159488,0.9307872
1989/04,6.702048,4.798656,0.62474976
1989/05,7.920288,4.3697664,0.98244576
1989/06,4.1954112,2.9519424,0.48603456
1989/07,8.37952128,4.3987968,1.9171296
1989/08,10.2374496,5.0658912,2.22836832
1989/09,10.008576,5.725728,1.6343424
1989/10,5.15808,2.9023488,0.73315584
1989/11,3.6565344,2.0639232,0.82859328
1989/12,0.939168,0.9705312,0.10120896
1990/01,1.2146112,0.8077536,0.07090848
1990/02,1.944432,0.9856512,0.34118496
1990/03,4.538592,2.6531712,0.9114336
1990/04,5.312736,3.6376992,0.54598752
1990/05,10.168416,6.06096,1.3466304
1990/06,4.1857344,2.4597216,0.5419872
1990/07,14.7111552,9.0353664,2.42808192
1990/08,9.3201408,4.9676544,2.76253632
1990/09,11.52144,6.93792,3.5857728
1990/10,9.57312,6.019488,2.1622464
1990/11,4.4493408,2.808,1.00717344
1990/12,1.4154912,1.245456,0.16828128
1991/01,1.6253568,1.1938752,0.17358624
1991/02,2.401056,1.6603488,0.534816
1991/03,3.6192096,2.3502528,0.78159168
1991/04,6.152544,3.36096,0.8172576
1991/05,4.46472,3.251232,1.30319712
1991/06,12.817872,6.3013248,3.13041888
1991/07,1.8200592,0.9848736,1.18361952
1991/08,3.4975584,2.0738592,0.86173632
1991/09,4.4467488,2.1504096,0.8387712
1991/10,2.5489728,1.5108768,0.32999616
1991/11,0.63049536,0.8960544,0.0545616
1991/12,0.7403616,0.8032608,0.13023936
1992/01,1.744416,0.9100512,0.1829088
1992/02,0.7211808,0.6883488,0.10558944
1992/03,1.92488832,1.0151136,0.51662016
1992/04,2.04717888,1.18368,0.28638144
1992/05,1.94999616,1.6959456,0.25557984
1992/06,4.19521248,2.706048,1.01088864
1992/07,3.508704,2.809728,0.94410144
1992/08,14.222304,6.4947744,7.10282304
1992/09,14.903136,7.4798208,1.7179776
1992/10,6.82992,6.250176,1.2288672
1992/11,4.9502016,2.8254528,0.5863536
1992/12,1.023408,0.898128,0.04783968
1993/01,1.626912,1.1117952,0.1417392
1993/02,2.4513408,1.5136416,0.44646336
1993/03,3.368304,2.55744,0.8499168
1993/04,5.2577856,3.3780672,0.58823712
1993/05,6.4362816,4.1930784,0.54667008
1993/06,5.232384,4.0683168,0.23151744
1993/07,13.9874688,8.7962976,2.15904096
1993/08,7.75872,3.849552,2.3378112
1993/09,5.37408,3.4457184,1.0853568
1993/10,5.0998464,3.1509216,1.1556864
1993/11,3.73248,2.4152256,0.585792
1993/12,1.3192416,1.1399616,0.07483104
1994/01,0.7938432,0.7159968,0.08875008
1994/02,1.33056,0.8411904,0.30292704
1994/03,2.485296,1.6196544,0.72682272
1994/04,5.2132032,2.5775712,0.9757584
1994/05,1.88014176,1.5393888,0.28534464
1994/06,3.0576096,2.1879936,0.88260192
1994/07,8.540208,2.78208,3.5152704
1994/08,2.98793664,0.88764768,2.18219616
1994/09,2.31984,0.976752,0.84400704
1994/10,2.9610144,1.2946176,0.49808736
1994/11,3.4886592,1.8051552,0.5311872
1994/12,2.394576,0.8690112,0.28282176
1995/01,1.1329632,0.48622464,0.11952576
1995/02,0.35659008,0.09759744,0.05234976
1995/03,0.8200224,0.10399104,0.05241888
1995/04,1.5378768,0.43980192,0.16538688000000001
1995/05,0.83027808,0.17182368,0.131976
1995/06,0.3796416,0.097403904,0.114696
1995/07,1.459720224,0.228707712,1.38584736
1995/08,5.5538784,1.09104192,4.5236448
1995/09,2.497824,0.94826592,0.98480448
1995/10,1.9093536,0.90523872,0.49788
1995/11,0.95755392,0.5193504,0.40506048
1995/12,0.07156512,0.18915552,0.05245344
1996/01,0.38719296,0.179496,0.0366336
1996/02,0.763776,0.2215296,0.11993184
1996/03,0.14905728,0.17195328,0.05975424
1996/04,1.05795936,0.47863008,0.14693184
1996/05,1.104192,0.50156064,0.23433408
1996/06,4.2752448,2.14316064,0.8746704
1996/07,7.21579968,0.90635328,6.23935872
1996/08,6.97808736,1.03406112,3.46660992
1996/09,5.2080192,1.5130368,1.25064
1996/10,3.4954848,1.4593824,0.8033472
1996/11,6.215616,2.0962368,0.9422784
1996/12,1.3689216,0.5424192,0.14300928
1997/01,0.7412256,0.3936384,0.04158432
1997/02,0.9051264,0.3645216,0.19888416
1997/03,2.4474528,0.6594912,0.62581248
1997/04,3.2757696,1.5056928,0.50649408
1997/05,2.3300352,1.0781856,0.3354912
1997/06,0.31784832,0.15783552,0.15431904
1997/07,1.20412224,0.18081792,1.52966016
1997/08,2.35490112,0.1654992,1.81766592
1997/09,1.42657632,0.7573824,0.33848928
1997/10,1.07552448,0.28836864,0.23464512
1997/11,0.25743744,0.12312,0.1081728
1997/12,0.491616,0.097632,0.16574112
1998/01,0.6321024,0.07349184,0.09297504
1998/02,0.22383648,0.05609088,0.11496384
1998/03,0.95066784,0.09255168,0.4424976
1998/04,2.139264,0.5349888,0.20077632
1998/05,6.7525056,3.115584,1.990656
1998/06,1.88081568,0.734616,0.69990048
1998/07,9.36827424,5.61891168,1.57781088
1998/08,11.1003264,4.3703712,1.3136256
1998/09,3.6072864,1.5665184,0.41433984
1998/10,2.6211168,0.9941184,0.38199168
1998/11,1.0340352,0.417744,0.12007872
1998/12,0.5096736,0.23179392,0.03830112
1999/01,0.7204896,0.18117216,0.04831488
1999/02,0.69559776,0.1674432,0.14513472
1999/03,0.375080544,0.19097856,0.07729344
1999/04,1.1791008,0.51543648,0.13939776
1999/05,5.3119584,2.3810112,0.42456096
1999/06,4.1418432,2.2004352,0.37755072
1999/07,13.4997408,6.0905952,3.42909504
1999/08,1.7121024,0.78493536,0.40230432
1999/09,2.33712,0.9321696,0.46528128
1999/10,5.6680128,3.0273696,0.5340384
1999/11,2.0029248,0.878256,0.21165408
1999/12,0.802656,0.5826816,0.0391824
2000/01,0.8286624,0.4262976,0.0412992
2000/02,0.9332064,0.392688,0.09421056
2000/03,0.8079264,0.3634848,0.15423264
2000/04,1.1269152,0.5330016,0.05723136
2000/05,0.2855088,0.26282016,0.07159968
2000/06,3.41334432,1.14210432,1.13061312
2000/07,3.684711168,0.96758496,0.92403936
2000/08,4.73504832,1.72685088,0.61047648
2000/09,3.1878144,1.1211264,0.18799776
2000/10,10.6222752,5.8675104,0.82219968
2000/11,4.038336,1.40616,0.33360768
2000/12,1.7090784,0.5449248,0.08532
2001/01,1.441152,0.56808,0.07277472
2001/02,1.4230944,0.5919264,0.13207968
2001/03,0.815616,0.30710016,0.08187264
2001/04,1.62463104,0.26441856,0.18265824
2001/05,1.2716352,0.1875744,0.40196736
2001/06,0.222708096,0.11467008,0.1168128
2001/07,1.181615904,0.54906336,0.5851008
2001/08,2.46589056,0.350568,1.526256
2001/09,6.14304,3.5793792,1.9903968
2001/10,5.97888,2.2499424,1.3070592
2001/11,2.544048,0.7795008,0.3833568
2001/12,1.044144,0.32319648,0.07117632
2002/01,0.7376832,0.27450144,0.03868992
2002/02,1.1658816,0.3443904,0.07195392
2002/03,1.061856,0.28807488,0.162
2002/04,1.349136,0.48512736,0.19741536
2002/05,3.3778944,1.028592,0.7467552
2002/06,6.3573984,2.6238816,1.65646944
2002/07,2.87687808,0.98693856,1.2408768
2002/08,4.17915072,0.81130464,1.76814144
2002/09,2.3331456,0.61765632,0.66053664
2002/10,1.500336,0.33074784,0.22500288
2002/11,1.206144,0.26865216,0.11792736
2002/12,0.5934816,0.18829152,0.05363712
2003/01,1.0202112,0.27517536,0.04343328
2003/02,0.8956224,0.1752192,0.10595232
2003/03,0.7993728,0.16625952,0.07557408
2003/04,2.053296,0.48682944,0.20585664
2003/05,2.0546784,0.82530144,0.38185344
2003/06,0.471213504,0.164077056,0.0439776
2003/07,3.9587616,2.14233984,0.97206048
2003/08,11.2256928,7.5704544,4.96159776
2003/09,6.14304,15.934752,3.4595424
2003/10,29.827872,14.695776,5.3903232
2003/11,6.982848,4.7203776,1.3480128
2003/12,4.1207616,1.954368,0.43412544
2004/01,2.5402464,1.0684224,0.09854784
2004/02,2.1871296,0.5331744,0.20990016
2004/03,2.8677024,0.9758016,0.33591456
2004/04,2.1104928,1.416096,0.09340704
2004/05,2.7964224,1.4599872,0.14093568
2004/06,1.17960192,0.58407264,0.07738848
2004/07,2.15510976,0.803088,0.91698912
2004/08,5.5583712,1.7609184,2.35065024
2004/09,5.392224,2.8610496,0.64145088
2004/10,5.137344,2.5709184,0.7159968
2004/11,2.8367712,1.5004224,0.30505248
2004/12,2.3767776,1.0417248,0.07656768
2005/01,1.6215552,1.081728,0.05294592
2005/02,0.8806752,0.7682688,0.04843584
2005/03,0.8106912,0.7030368,0.11778048
2005/04,0.943056,0.9640512,0.08120736
2005/05,1.715472,1.46232,0.42787872
2005/06,2.6988768,1.6733952,0.38758176
2005/07,7.5529152,4.8564576,2.00974176
2005/08,10.150272,6.7397184,0.81033696
2005/09,7.424352,6.8198976,0.79309152
2005/10,25.11648,15.51744,1.8484416
2005/11,5.222016,3.7796544,0.26977536
2005/12,1.9255968,1.2138336,0.07579872
2006/01,2.1464352,1.0381824,0.05817312
2006/02,2.0945088,1.0885536,0.16323552
2006/03,2.1020256,1.012176,0.21026304
2006/04,1.300752,0.986256,0.07081344
2006/05,3.6300096,2.2327488,0.55337472
2006/06,2.4283584,1.5571872,0.2901312
2006/07,3.1051296,1.3570848,0.92548224
2006/08,3.2514912,1.7441568,0.66073536
2006/09,7.3274976,4.6070208,0.95514336
2006/10,5.394816,2.2555584,0.4456944
2006/11,3.36096,1.1056608,0.12805344
2006/12,1.7574624,0.36252576,0.07202304
2007/01,1.4298336,0.30052512,0.05139072
2007/02,1.1662272,0.25390368,0.07252416
2007/03,2.0608128,0.6041088,0.23044608
2007/04,0.9997344,0.7303392,0.0448416
2007/05,0.6949152,0.5546016,0.09803808
2007/06,1.0852704,0.8162208,0.08431776
2007/07,7.507728,3.05856,1.17329472
2007/08,7.738848,4.5660672,0.69679008
2007/09,7.359552,3.9046752,0.6379776
2007/10,11.880864,7.933248,1.4287968
2007/11,4.331232,2.260224,0.18525024
2007/12,1.8213984,0.8563104,0.06607008
2008/01,2.1949056,1.0636704,0.10541664
2008/02,2.0225376,0.8328096,0.08854272
2008/03,2.2530528,1.3268448,0.2174256
2008/04,2.9412288,1.1124864,0.046224
2008/05,2.455488,0.9718272,0.19278432
2008/06,1.8981216,1.0565856,0.10276416
2008/07,4.1360544,1.7021664,0.71199648
2008/08,3.50352,1.4529888,0.65082528
2008/09,5.260896,3.2484672,0.29559168
2008/10,6.684768,3.7757664,0.33175872
2008/11,3.254256,2.018304,0.07695648
2008/12,1.4815872,1.0027584,0.03673728
2009/01,1.2950496,0.366984,0.03407616
2009/02,1.1943936,0.5890752,0.05616864
2009/03,1.6193088,0.5968512,0.10957248
2009/04,1.372464,0.6810912,0.06421248
2009/05,5.0283072,2.0264256,0.27553824
2009/06,2.6273376,1.5356736,0.0791424
2009/07,1.6794432,0.7003584,0.35811936
2009/08,7.6169376,4.0687488,1.76750208
2009/09,9.199872,5.0622624,0.29215296
2009/10,3.62448,2.0119104,0.1143936
2009/11,3.1866912,1.3800672,0.10090656
2009/12,2.8011744,1.3394592,0.1203984
2010/01,1.411344,0.6441984,0.05955552
2010/02,1.1434176,0.3903552,0.05145984
2010/03,1.3144896,0.6646752,0.06709824
2010/04,3.8865312,1.2451104,0.10118304
2010/05,2.8797984,1.0068192,0.18410112
2010/06,3.9565152,2.1899808,0.14196384
2010/07,7.7278752,4.0592448,1.8529776
2010/08,15.865632,8.0391744,4.53675168
2010/09,11.138688,5.749056,2.250288
2010/10,5.505408,3.3997536,0.9664704
2010/11,3.662496,2.477952,0.11771136
2010/12,1.6171488,1.761696,0.02132352
2011/01,1.8227808,1.673136,0.0214272
2011/02,1.296432,1.2297312,0.02709504
2011/03,1.5333408,1.1016864,0.09654336
2011/04,1.7264448,1.0679904,0.03566592
2011/05,2.5100064,1.708128,0.2185488
2011/06,1.6403904,1.5628896,0.0867888
2011/07,3.7008576,3.4573824,0.1743552
2011/08,8.8077024,5.5215648,0.9536832
2011/09,32.376672,19.2613248,3.5693568
2011/10,10.371456,5.126112,1.6831584
2011/11,8.857728,5.088096,1.3166496
2011/12,5.539968,2.497392,0.62608032
2012/01,3.54672,1.7604,0.18902592
2012/02,2.4618816,1.4913504,0.0733968
2012/03,2.9610144,1.6200864,0.60454944
2012/04,2.9977344,1.4525568,0.35738496
2012/05,5.144256,2.1992256,0.7926336
2012/06,2.3113728,1.2038976,0.25044768
2012/07,5.865696,2.426112,0.87746976
2012/08,8.2367712,5.1126336,1.12231872
2012/09,13.083552,9.695808,1.37592
2012/10,5.066496,3.859488,0.53690688
2012/11,2.8182816,2.4090912,0.08802432
2012/12,2.1083328,1.8873216,0.05946912
2013/01,2.0235744,1.6693344,0.03267648
2013/02,1.5704928,1.3481856,0.18387648
2013/03,1.2049344,1.3025664,0.04404672
2013/04,1.2129696,1.0155456,0.2582928
2013/05,5.0456736,3.1533408,0.40645152
2013/06,5.6171232,3.7941696,0.30144096
2013/07,18.6782976,13.8095712,4.92165504
2013/08,9.40032,4.732992,1.8057168
2013/09,6.98976,3.189456,1.5252192
2013/10,4.2088896,1.829952,0.4362336
2013/11,3.6504,1.4751072,0.28181088
2013/12,2.8375488,1.1110176,0.10163232
2014/01,2.2203936,0.8088768,0.06803136
2014/02,1.7708544,0.7330176,0.07372512
2014/03,2.1882528,0.857088,0.23596704
2014/04,5.33952,1.946592,0.59502816
2014/05,5.62464,2.0918304,0.55403136
2014/06,2.006208,0.92016,0.20506176
2014/07,1.2400992,0.4392576,0.27620352
2014/08,1.8695232,0.5196096,0.50796288
2014/09,13.24512,6.06528,1.59184224
2014/10,5.838912,2.6462592,0.8887104
2014/11,3.47328,1.586304,0.265032
2014/12,2.4855552,1.111536,0.16644096
2015/01,2.089152,0.749952,0.0541728
2015/02,2.1119616,0.6991488,0.14339808
2015/03,1.80792,0.682992,0.20736
2015/04,8.5536,4.56192,0.9183456
2015/05,5.75856,2.94624,0.55735776
2015/06,3.52512,2.179872,0.21394368
2015/07,4.231872,2.0516544,0.26599104
2015/08,2.785536,0.8999424,0.2600208
2015/09,3.24,0.966816,0.37271232
2015/10,3.267648,0.9990432,0.21939552
2015/11,3.83616,1.223424,0.11368512
2015/12,2.4185952,0.709776,0.0632448
2016/01,1.419552,0.5249664,0.0348192
2016/02,1.3254624,0.6314112,0.0325728
2016/03,1.3552704,0.6776352,0.08195904
2016/04,2.415744,1.078272,0.22246272
2016/05,2.5792992,1.3204512,0.21302784
2016/06,3.05856,1.505952,0.05894208
2016/07,4.446144,1.3017024,0.5774544
2016/08,2.3462783999999997,0.9052991999999999,0.83688768
2016/09,1.89216,0.886464,0.09661248
2016/10,2.8519999999999874,1.157333333333334,0.0615168
2016/11,2.79936,1.150848,0.05597856
2016/12,1.5882912,0.6588864000000001,0.05409504
2017/01,1.4838336,0.5410368,0.16033248
2017/02,0.8878464,0.5152895999999999,0.06939648
2017/03,2.0864736,0.763344,0.11085984
2017/04,4.17312,1.910304,0.1219968
2017/05,3.455136,1.566864,0.1652832
2017/06,4.19904,2.61792,0.3584736
2017/07,0.9160128000000002,0.5838912,0.35189856
2017/08,3.61584,1.8695232,1.11204576
2017/09,6.11712,2.69568,0.9612864
2017/10,14.945472,9.615456,1.571616
2017/11,3.70656,2.083968,0.51050304
2017/12,2.035584,1.299024,0.19718208
2018/01,2.5551936000000004,2.7993599999999974,0.562464
2018/02,2.0055168,2.0390400000000004,0.508032
2018/03,2.81232,2.364768000000001,0.857088
2018/04,3.7584,4.199903999999992,0.715392
2018/05,4.15152,3.0671999999999975,0.8222688
2018/06,4.06944,2.9825280000000083,0.679104
2018/07,24.721632,2.0502720000000005,4.95504
2018/08,8.624448,4.219775999999995,3.240864
2018/09,6.45408,4.998239999999992,1.959552
2018/10,3.696192,9.161855999999991,0.910656
2018/11,3.03264,3.735072,0.68688
2018/12,2.705184,1.882656000000001,0.723168
